{
  "": {
    "swift-dependencies": "/Users/alex/Documents/OTUS/Домашка 7 вторая попытка/HW_7/Otus_HW_7/Otus_HW_7/Dependencies/.build/x86_64-apple-macosx/debug/Dependencies.build/master.swiftdeps"
  },
  "/Users/alex/Documents/OTUS/Домашка 7 вторая попытка/HW_7/Otus_HW_7/Otus_HW_7/Dependencies/Sources/Dependencies/Dependencies.swift": {
    "dependencies": "/Users/alex/Documents/OTUS/Домашка 7 вторая попытка/HW_7/Otus_HW_7/Otus_HW_7/Dependencies/.build/x86_64-apple-macosx/debug/Dependencies.build/Dependencies.d",
    "object": "/Users/alex/Documents/OTUS/Домашка 7 вторая попытка/HW_7/Otus_HW_7/Otus_HW_7/Dependencies/.build/x86_64-apple-macosx/debug/Dependencies.build/Dependencies.swift.o",
    "swiftmodule": "/Users/alex/Documents/OTUS/Домашка 7 вторая попытка/HW_7/Otus_HW_7/Otus_HW_7/Dependencies/.build/x86_64-apple-macosx/debug/Dependencies.build/Dependencies~partial.swiftmodule",
    "swift-dependencies": "/Users/alex/Documents/OTUS/Домашка 7 вторая попытка/HW_7/Otus_HW_7/Otus_HW_7/Dependencies/.build/x86_64-apple-macosx/debug/Dependencies.build/Dependencies.swiftdeps"
  }
}
